{"noiseKey":{"private":{"type":"Buffer","data":"eIPGwmclwh0vOUfWQClZeYbspSVMpRmClLMnLaZAbGs="},"public":{"type":"Buffer","data":"QRh+slsiMFgAUNlE/x9wIkIsGY7UfpCb+CvnsUR6RRc="}},"pairingEphemeralKeyPair":{"private":{"type":"Buffer","data":"OFtWLmH0rzEX58kFyGuP11LiK5/eO9Rkq2q61vEP2nk="},"public":{"type":"Buffer","data":"Itur3glm9vneCRRKKbw9b0O7OsQW06anyitTWbFVNz4="}},"signedIdentityKey":{"private":{"type":"Buffer","data":"4ITcHwm3R9ar0cYITmoAG2ZZSD2oGBYDb2rntHoWRVI="},"public":{"type":"Buffer","data":"5lPYLlsKBh7AaGJLVzL+qDE4k7R2XGuY9zOv1Xl90W0="}},"signedPreKey":{"keyPair":{"private":{"type":"Buffer","data":"IBUpWof/jGRrjOJac71TjbHOyQXhki8jF8KlulIO3XA="},"public":{"type":"Buffer","data":"BlMuVHyCvB1D5WMwH1J3VFJqW439VIwuLbxiO9ffBW8="}},"signature":{"type":"Buffer","data":"mijFEfz72ulC0NeUmEFdiGaaUyTC72nK4fxEvX2FmWsOyqcRT6H9d8OEOm0c9G70jckzQP+yOOZ94Se0u+2Jiw=="},"keyId":1},"registrationId":23,"advSecretKey":"xUdVcBlnVjwaQcM3EcF7IxH2hLdf0Eh8VDCnRzukbdU=","processedHistoryMessages":[{"key":{"remoteJid":"94769268875@s.whatsapp.net","fromMe":true,"id":"3AE8622F2A0FF866A68D"},"messageTimestamp":1728541082},{"key":{"remoteJid":"94769268875@s.whatsapp.net","fromMe":true,"id":"3AF97CE165D9E02289F3"},"messageTimestamp":1728541085},{"key":{"remoteJid":"94769268875@s.whatsapp.net","fromMe":true,"id":"3A0F2A10A35346B7EAA1"},"messageTimestamp":1728541119}],"nextPreKeyId":31,"firstUnuploadedPreKeyId":31,"accountSyncCounter":1,"accountSettings":{"unarchiveChats":false},"deviceId":"IaGDKs8dRziu-gxl8EzGTA","phoneId":"85a640b2-da1c-4870-a9f3-b6360a236087","identityId":{"type":"Buffer","data":"Q7SNJdCA1dq5aAKZgrycQhWxXkY="},"registered":false,"backupToken":{"type":"Buffer","data":"8QhlTlJ+ff94EtiYP74hMdxHsL0="},"registration":{},"account":{"details":"CLm3+YgOEI7jnbgGGAEgACgA","accountSignatureKey":"vQPgkIT3siyI4mxz6+KvTUcXNeTVP2+wNcp+JHx8uwg=","accountSignature":"f8WgKsdlf7PByVaELiNIcTgl5Bl1eUryoQgy2UJtZCzZ+YsELeDs4s/vujx8iU7Vc/LSW+MLoXsNEL5852xhDw==","deviceSignature":"2xToxmFqVr2a33+rcp8j3PTz7225XWy+C/ySqEMPbkYNMmkc/csWYil4IcyrvFRIOZ0ULCK43SRHnbKZN/AIiA=="},"me":{"id":"94769268875:5@s.whatsapp.net","name":"Shen","lid":"221487671824514:5@lid"},"signalIdentities":[{"identifier":{"name":"94769268875:5@s.whatsapp.net","deviceId":0},"identifierKey":{"type":"Buffer","data":"Bb0D4JCE97IsiOJsc+vir01HFzXk1T9vsDXKfiR8fLsI"}}],"platform":"smbi","routingInfo":{"type":"Buffer","data":"CAUIDQ=="},"lastAccountSyncTimestamp":1728541073,"lastPropHash":"4eUNDn","myAppStateKeyId":"AAAAAF1Z"}