{"_sessions":{"BSPLIqMKwmmMuM/qWReNaJhHMBBeqB75cHzuxbUYFPYC":{"registrationId":134266306,"currentRatchet":{"ephemeralKeyPair":{"pubKey":"BQWdFp2hc0cpLRKB7kLZsj80XjwNX+LANtp3b+7FY2sj","privKey":"OMO2lxZwsRSlH0PmVywK61Pu9EbVu6dD5lOhUCy2+Gg="},"lastRemoteEphemeralKey":"BQajlwZ4IszorDql4/A5Pa6doXe/F83xWNCS1Q0Oq/or","previousCounter":0,"rootKey":"SzrGwgLTqYQkLbfV/59Uw8h6To5d/MnDJEDhp4xdZtY="},"indexInfo":{"baseKey":"BSPLIqMKwmmMuM/qWReNaJhHMBBeqB75cHzuxbUYFPYC","baseKeyType":2,"closed":-1,"used":1728541110345,"created":1728541110345,"remoteIdentityKey":"BfGBADVdycTSJN1CL1kD4h8knuwbym1MGVu6thcrKwdK"},"_chains":{"BQajlwZ4IszorDql4/A5Pa6doXe/F83xWNCS1Q0Oq/or":{"chainKey":{"counter":2,"key":"N1F9kmLXpPp6q/yVvvBBZHqJV4GtFVNwXRS3p+xP1do="},"chainType":2,"messageKeys":{}},"BQWdFp2hc0cpLRKB7kLZsj80XjwNX+LANtp3b+7FY2sj":{"chainKey":{"counter":-1,"key":"A4Obh7Zsx0GNARJzziMcaYlkfbPJEnaMG9gUJNdB7Zc="},"chainType":1,"messageKeys":{}}}}},"version":"v1"}