{"_sessions":{"BXBBkpgLLhqawm+g0I1F41Y/qHuyKz3mvF7A2g4eNt4o":{"registrationId":308453702,"currentRatchet":{"ephemeralKeyPair":{"pubKey":"BXP9Df85OYn1E5wv/RTJqxRcNl0Dvip63UOLXhKRCfk5","privKey":"kFmFq0EKVYNHDffT+xE5zoiI7hh1FeqX5baMWRvD8lE="},"lastRemoteEphemeralKey":"BQnE4Qwz75Bidmj6uYnf1aAXQnVGlOyX9PogMXyQpHN8","previousCounter":0,"rootKey":"ecEb9uh/6I0z/SvUCSC0tj0LhSWoRvges5595PY5Hg8="},"indexInfo":{"baseKey":"BXBBkpgLLhqawm+g0I1F41Y/qHuyKz3mvF7A2g4eNt4o","baseKeyType":2,"closed":-1,"used":1728541088439,"created":1728541088439,"remoteIdentityKey":"BaEi4AudsQjW8uN8o8nHEbZ22ad1UKAD8ZQ8TyzmeiYG"},"_chains":{"BQnE4Qwz75Bidmj6uYnf1aAXQnVGlOyX9PogMXyQpHN8":{"chainKey":{"counter":2,"key":"lFwInGaYljiITrnAlNllTRLZROWu/w+G7su6M3qC47Q="},"chainType":2,"messageKeys":{}},"BXP9Df85OYn1E5wv/RTJqxRcNl0Dvip63UOLXhKRCfk5":{"chainKey":{"counter":-1,"key":"ltwr9jdvX1D69A5FgZLSdWqvs3ygTajjZpoXyHZnQv0="},"chainType":1,"messageKeys":{}}}}},"version":"v1"}