{"_sessions":{"Baaog5g2xsvcKlZriZT3mdpOE5ka70+5zVXVcJMxVaMh":{"registrationId":1898327549,"currentRatchet":{"ephemeralKeyPair":{"pubKey":"BXvtfLLcet9zf/W2vBZ3PKqaWJcXwmLzp/Oxc6wZL+Fd","privKey":"qH6V1c+K0fgWliGrXqB63ekdHHhctCKKiWGgpHPEKXw="},"lastRemoteEphemeralKey":"BVcs1GStAzch8qmHPeTTZewY+BO3HCCtDWI/Ne9cDuEc","previousCounter":1,"rootKey":"1QJkIDO314Fp1w2hOhy8pJpuX4zu4HGMDJsBU7G+xPQ="},"indexInfo":{"baseKey":"Baaog5g2xsvcKlZriZT3mdpOE5ka70+5zVXVcJMxVaMh","baseKeyType":1,"closed":1728541077007,"used":1728541119223,"created":1728541076434,"remoteIdentityKey":"Bb0D4JCE97IsiOJsc+vir01HFzXk1T9vsDXKfiR8fLsI"},"_chains":{"BVcs1GStAzch8qmHPeTTZewY+BO3HCCtDWI/Ne9cDuEc":{"chainKey":{"counter":5,"key":"U+lIgVwGdHX9UHbuQNwxYWxYapDByb7MtRk1kynmyjs="},"chainType":2,"messageKeys":{}},"BXvtfLLcet9zf/W2vBZ3PKqaWJcXwmLzp/Oxc6wZL+Fd":{"chainKey":{"counter":-1,"key":"989WWOosnMPPVY1L606GPJZoAd3PINmFWqOXjz9fX+k="},"chainType":1,"messageKeys":{}}}},"Bd+QFHOMgAypr6rGil/tbyVRWS6gBiWujuLEUR5psqQk":{"registrationId":1898327549,"currentRatchet":{"ephemeralKeyPair":{"pubKey":"BfGX1WFj9x2nQfh+H+zJcf7N7QBK3o8jZImQqj9CgzZv","privKey":"mP5Z0nqZbKaB7mVRVJ/qaiCuOl8ZmA0JG6bBrYIupUI="},"lastRemoteEphemeralKey":"BVcs1GStAzch8qmHPeTTZewY+BO3HCCtDWI/Ne9cDuEc","previousCounter":-1,"rootKey":"F6dedUiJBfDivPILjRZOf/cKkKXG5QFD2lvcc5+SwJk="},"indexInfo":{"baseKey":"Bd+QFHOMgAypr6rGil/tbyVRWS6gBiWujuLEUR5psqQk","baseKeyType":2,"closed":1728541087668,"used":1728541077012,"created":1728541077012,"remoteIdentityKey":"Bb0D4JCE97IsiOJsc+vir01HFzXk1T9vsDXKfiR8fLsI"},"_chains":{"Be16GSvjwZYI6/X9+BU8VH6WvC+GBj4T2TJyDAj3YNEs":{"chainKey":{"counter":0},"chainType":2,"messageKeys":{}},"BVcs1GStAzch8qmHPeTTZewY+BO3HCCtDWI/Ne9cDuEc":{"chainKey":{"counter":0,"key":"Ir2EGKXkHBxrxoZiQ2Dqo6Ti/zEqRaxsQKHBcQL5018="},"chainType":2,"messageKeys":{}},"BfGX1WFj9x2nQfh+H+zJcf7N7QBK3o8jZImQqj9CgzZv":{"chainKey":{"counter":0,"key":"jzeGmEIq2n0m3HLNZEdShrmv5YDVdd7MPDHOjjRm1h8="},"chainType":1,"messageKeys":{}}}},"BY9FRBm1JfyWC77BwOsbGtKjURHlCHCv+F6DbxcKUIEP":{"registrationId":1898327549,"currentRatchet":{"ephemeralKeyPair":{"pubKey":"Be4j12BMW9i7B1PPk1KpiZheZxT/sI5otCHqFui9VOwg","privKey":"oFtrcfi1E90yvIYYg86/+vbPB9sLNKvHR4fNSD4S2Fc="},"lastRemoteEphemeralKey":"BVcs1GStAzch8qmHPeTTZewY+BO3HCCtDWI/Ne9cDuEc","previousCounter":-1,"rootKey":"3Vd4FyaTUj/NRm7gMv+WZlAXCf0JK+fBAJNiNuCQ13Q="},"indexInfo":{"baseKey":"BY9FRBm1JfyWC77BwOsbGtKjURHlCHCv+F6DbxcKUIEP","baseKeyType":1,"closed":-1,"used":1728541087665,"created":1728541087665,"remoteIdentityKey":"Bb0D4JCE97IsiOJsc+vir01HFzXk1T9vsDXKfiR8fLsI"},"_chains":{"BVcs1GStAzch8qmHPeTTZewY+BO3HCCtDWI/Ne9cDuEc":{"chainKey":{"counter":5,"key":"Z+bF9qI5n5m8ZGEMr6pWVn0oLeRgnya4OAUs4Xpiw1Y="},"chainType":2,"messageKeys":{"0":"PblUFf2H1Ec0PUwJ15g0QDJRH6WKoy+5dUWbm8BVtkI=","1":"S5GHw5U06IcaHAPJ4g8xKsV/B+R6gzBl6x8XTNhSLvM=","2":"RL4KtlJR98cgjc66yyEuVdiHUi1o6gc6/GiZ2OJ1SYU=","3":"AoEpZ98MLKgSprtnzfkCYnotbtTO3I97VLCq1FhLBXc=","4":"3ts5TjPmiDvUq2DfkXhnfguhiBjY5XZqH51knvHqCOg="}},"Be4j12BMW9i7B1PPk1KpiZheZxT/sI5otCHqFui9VOwg":{"chainKey":{"counter":-1,"key":"gwGHQZblxusEQUryIz87/mx4oXZj3axQxbcG/uouktg="},"chainType":1,"messageKeys":{}}},"pendingPreKey":{"signedKeyId":16403017,"baseKey":"BY9FRBm1JfyWC77BwOsbGtKjURHlCHCv+F6DbxcKUIEP","preKeyId":22509}}},"version":"v1"}