{"_sessions":{"BX9ntLxCvnlAln11snEvYnRd6g7WdSOZfXfC2iUvKwgi":{"registrationId":943899872,"currentRatchet":{"ephemeralKeyPair":{"pubKey":"BUK/fw1JF32k+s7aWYKBg9UzKYbZ16Z+vdrLMHJyt6dg","privKey":"ALyB2XvgwVzFBBW5Dorp+oWVZDy6ircyyIqCUx6NjGU="},"lastRemoteEphemeralKey":"BSu4IR7JDzBMgW47RPu3XnBrT3eUd6AjEtErq+42HqIP","previousCounter":0,"rootKey":"e7e7R1ZQO0qr3gM/w125dmBzhokIHwSbe+RDLeCm9CE="},"indexInfo":{"baseKey":"BX9ntLxCvnlAln11snEvYnRd6g7WdSOZfXfC2iUvKwgi","baseKeyType":2,"closed":-1,"used":1728541079120,"created":1728541079120,"remoteIdentityKey":"BexgT8BPyme0Xhi4mKmZpvj4s7ftoSnfcQm9v8ZkAeMZ"},"_chains":{"BSu4IR7JDzBMgW47RPu3XnBrT3eUd6AjEtErq+42HqIP":{"chainKey":{"counter":3,"key":"rLCz0nrPBfvaxLBQbLzUnj662lwBFJ/vMJGqFNdAiUI="},"chainType":2,"messageKeys":{}},"BUK/fw1JF32k+s7aWYKBg9UzKYbZ16Z+vdrLMHJyt6dg":{"chainKey":{"counter":-1,"key":"gjz6uwDDzG8f2T1MwrgeOrCmr1D4XusmbR5gICgCl9Y="},"chainType":1,"messageKeys":{}}}}},"version":"v1"}